Metric,Value
design_powergrid__voltage__worst__net:VDD__corner:nom_tt_025C_5v00,4.99396
design_powergrid__drop__average__net:VDD__corner:nom_tt_025C_5v00,4.99492
design_powergrid__drop__worst__net:VDD__corner:nom_tt_025C_5v00,0.00604213
design_powergrid__voltage__worst__net:VSS__corner:nom_tt_025C_5v00,0.00883831
design_powergrid__drop__average__net:VSS__corner:nom_tt_025C_5v00,0.00772802
design_powergrid__drop__worst__net:VSS__corner:nom_tt_025C_5v00,0.00883831
flow__warnings__count,1
flow__errors__count,0
flow__warnings__type_count,1
design_powergrid__voltage__worst,0.00883831
design_powergrid__voltage__worst__net:VDD,4.99396
design_powergrid__drop__worst,0.00883831
design_powergrid__drop__worst__net:VDD,0.00604213
design_powergrid__voltage__worst__net:VSS,0.00883831
design_powergrid__drop__worst__net:VSS,0.00883831
ir__voltage__worst,4.9900000000000002131628207280300557613372802734375
ir__drop__avg,0.005080000000000000313915560212763011804781854152679443359375
ir__drop__worst,0.0060400000000000002298161660974074038676917552947998046875
flow__warnings__count:ORD-0039,1
design__xor_difference__count,0
magic__drc_error__count,0
magic__illegal_overlap__count,0
design__lvs_device_difference__count,0
design__lvs_net_difference__count,0
design__lvs_property_fail__count,0
design__lvs_error__count,0
design__lvs_unmatched_device__count,0
design__lvs_unmatched_net__count,0
design__lvs_unmatched_pin__count,0
